,Most probable total value (tCO2e/collaborator),Probability E1>=E2,Probability E2>=E3,Probability E3>=E4,Probability E4>=E5,Probability good order on most important declared scopes,Uncertainty measure
count,147.0,147.0,144.0,120.0,63.0,140.0,95.0
mean,8.26530612244898,0.0015749659863945613,0.0016998611111111134,0.0025553333333333235,0.009466984126984136,0.0015302142857142702,0.0032745179884315326
std,12.25657583113152,0.0012487645259619208,0.0013213279959505351,0.006288161203128196,0.044217388662297186,0.002905135979892315,0.006468827786255818
min,0.0,4.999999999999449e-05,6.0000000000060005e-05,0.0,2.999999999997449e-05,0.0,0.0
25%,0.0,0.0005449999999999622,0.0007800000000000029,0.0005874999999999908,0.0004550000000000387,0.0004225000000001311,0.0006720599234190522
50%,5.0,0.0013299999999999423,0.0013500000000000734,0.0012199999999999989,0.0010999999999999899,0.0010249999999998316,0.001874310915104982
75%,10.0,0.0022250000000000325,0.002285000000000037,0.002412500000000012,0.0024550000000000405,0.0019600000000001283,0.0037612956452266755
max,60.0,0.006240000000000023,0.005749999999999922,0.04822000000000004,0.27775000000000005,0.03183999999999976,0.05850790150679852
