,Most probable total value (tCO2e/collaborator),Probability E1>=E2,Probability E2>=E3,Probability E3>=E4,Probability E4>=E5,Probability good order on most important declared scopes,Uncertainty measure
count,147.0,147.0,144.0,119.0,63.0,140.0,95.0
mean,10.680272108843537,0.005726938775510207,0.003670486111111119,0.008566722689075624,0.01114269841269842,0.0034721428571428633,0.0075351518901586355
std,13.314420236225818,0.015816102450638806,0.00830464629660372,0.022324317633743644,0.03201949210807677,0.008827863408183517,0.017921129467161463
min,0.0,0.0,0.0,1.0000000000065512e-05,0.0,0.0,0.0
25%,0.0,0.0007799999999998919,0.0006599999999999939,0.0008149999999999546,0.0006199999999999539,0.00047000000000016473,0.0010720427375917989
50%,5.0,0.0015899999999999803,0.0014200000000000323,0.0014600000000000168,0.0011700000000000044,0.0011850000000001026,0.0023972602739725235
75%,15.0,0.002840000000000009,0.002887500000000015,0.0028449999999999864,0.002104999999999968,0.0025599999999998957,0.006385708383860836
max,90.0,0.10136000000000012,0.05790000000000006,0.11477000000000004,0.19439000000000006,0.0795699999999997,0.14234347048300483
