,Most probable total value (tCO2e/collaborator),Probability E1>=E2,Probability E2>=E3,Probability E3>=E4,Probability E4>=E5,Probability good order on most important declared scopes,Uncertainty measure
count,147.0,147.0,144.0,119.0,63.0,139.0,95.0
mean,11.394557823129253,0.005197142857142851,0.0037534722222222175,0.007010504201680677,0.009444444444444448,0.003230143884892085,0.006499353103739604
std,14.836809936235023,0.015244445788458832,0.009898883338835061,0.020870573024900252,0.02891246861163257,0.008662073251977582,0.017853971339391286
min,0.0,0.0,9.99999999995449e-06,0.0,4.999999999999449e-05,0.0,3.0422878003107503e-05
25%,0.0,0.0006950000000000012,0.0005949999999999289,0.00046000000000001595,0.0006799999999999584,0.0005550000000000277,0.0008350321431322492
50%,5.0,0.0016499999999999293,0.0013699999999999823,0.0012599999999999278,0.0018900000000000583,0.0011900000000000244,0.0021465808034342726
75%,15.0,0.0024999999999999467,0.0029599999999999904,0.002674999999999983,0.003294999999999937,0.0025949999999999585,0.004333221319189336
max,95.0,0.10897000000000001,0.08502999999999994,0.12065999999999999,0.20417000000000007,0.0850599999999998,0.15216457960643975
