,Most probable total value (tCO2e/collaborator),Probability E1>=E2,Probability E2>=E3,Probability E3>=E4,Probability E4>=E5,Probability good order on most important declared scopes,Uncertainty measure
count,147.0,147.0,144.0,120.0,63.0,138.0,95.0
mean,8.231292517006803,0.0015559863945578231,0.0014777083333333343,0.00258808333333334,0.009406190476190486,0.0014837681159420406,0.0034108454754405147
std,10.06490445769928,0.0012660258496051478,0.001221196661052197,0.006694596880168003,0.04417823845509678,0.003201719246845091,0.0075009983099854375
min,0.0,0.0,2.0000000000020002e-05,0.0,2.999999999997449e-05,2.220446049250313e-16,3.3772897672923463e-16
25%,0.0,0.0005450000000000177,0.0005450000000000454,0.000515000000000071,0.0005899999999999794,0.0003499999999999892,0.0005118796389419755
50%,5.0,0.0012799999999999478,0.0012000000000000344,0.0011600000000000499,0.0013600000000000279,0.0007900000000001794,0.0017140058765911098
75%,10.0,0.002305000000000057,0.0019850000000000145,0.0022174999999999556,0.0021499999999999853,0.001650000000000179,0.0034100462635050233
max,65.0,0.005950000000000011,0.005959999999999965,0.05001,0.27626000000000006,0.032239999999999824,0.059242925395074975
