,Most probable total value (tCO2e/collaborator),Probability E1>=E2,Probability E2>=E3,Probability E3>=E4,Probability E4>=E5,Probability good order on most important declared scopes,Uncertainty measure
count,147.0,147.0,144.0,119.0,63.0,139.0,96.0
mean,7.653061224489796,0.003308775510204083,0.0016955555555555574,0.007882689075630254,0.007033333333333332,0.005747338129496416,0.011121554183483129
std,10.292072398858705,0.012179557479981087,0.0022012624406363636,0.021267600316351307,0.01484251000423467,0.017089219696042966,0.02686777129695035
min,0.0,2.0000000000020002e-05,0.0,1.0000000000065512e-05,2.999999999997449e-05,0.0,0.0
25%,0.0,0.0006349999999999967,0.000490000000000046,0.0005749999999999922,0.0007699999999999929,0.0005250000000000532,0.0007450580850995212
50%,5.0,0.0013799999999999368,0.0011800000000000144,0.0012400000000000189,0.0022300000000000653,0.0010300000000001974,0.0020951442183189672
75%,10.0,0.002630000000000021,0.002047499999999952,0.0027800000000001157,0.0035550000000000304,0.002774999999999972,0.005873271575663383
max,50.0,0.12024999999999997,0.018469999999999986,0.11917,0.06733999999999996,0.14062000000000008,0.18832609744331774
