,Most probable total value (tCO2e/collaborator),Probability E1>=E2,Probability E2>=E3,Probability E3>=E4,Probability E4>=E5,Probability good order on most important declared scopes,Uncertainty measure
count,147.0,147.0,144.0,119.0,63.0,138.0,95.0
mean,13.503401360544217,0.003581768707482993,0.0016435416666666647,0.002323025210084032,0.01015873015873017,0.002317028985507243,0.006220562290144213
std,12.773245878370666,0.010496195899329258,0.0013791238065439316,0.005446572480697807,0.044310604515793314,0.004703577053057006,0.013615967317969876
min,0.0,9.99999999995449e-06,4.0000000000040004e-05,9.99999999995449e-06,9.99999999995449e-06,3.3306690738754696e-16,1.2212453270876722e-15
25%,5.0,0.0007999999999999674,0.0005599999999999772,0.0005449999999999622,0.0006150000000000322,0.00046249999999994906,0.0007289371079842906
50%,10.0,0.0015899999999999803,0.0012650000000000161,0.0012799999999999478,0.0013700000000000934,0.0011300000000000199,0.002160168598526052
75%,20.0,0.0023150000000000115,0.002337499999999909,0.0023700000000000387,0.0023399999999999532,0.002297500000000008,0.006116754974484329
max,75.0,0.08777999999999997,0.00819000000000003,0.04659000000000002,0.27591999999999994,0.03815000000000013,0.09293544457978106
