,Most probable total value (tCO2e/collaborator),Probability E1>=E2,Probability E2>=E3,Probability E3>=E4,Probability E4>=E5,Probability good order on most important declared scopes,Uncertainty measure
count,147.0,147.0,144.0,120.0,63.0,140.0,95.0
mean,10.54421768707483,0.0016399319727891195,0.0015377777777777853,0.001947999999999997,0.0013923809523809633,0.0015839285714285849,0.003502972475560913
std,13.16555868597803,0.001371015270539661,0.0013167508456168931,0.0038032355972781075,0.0011735673686088864,0.002902348514795579,0.006980824689503814
min,0.0,9.99999999995449e-06,9.99999999995449e-06,0.0,1.0000000000065512e-05,0.0,0.0
25%,0.0,0.0005749999999999922,0.0005924999999999958,0.0006700000000000317,0.0004950000000000232,0.00040749999999989406,0.0006303546499329647
50%,5.0,0.0011900000000000244,0.0012349999999999861,0.0014300000000000423,0.0010499999999999954,0.0011249999999998206,0.001938645078823957
75%,15.0,0.002344999999999986,0.0021425000000000194,0.002505000000000035,0.0021050000000000235,0.0019324999999998649,0.0038812404618825125
max,60.0,0.006929999999999992,0.006460000000000132,0.04081000000000001,0.00497000000000003,0.032179999999999986,0.05913267181183385
