,Most probable total value (tCO2e/collaborator),Probability E1>=E2,Probability E2>=E3,Probability E3>=E4,Probability E4>=E5,Probability good order on most important declared scopes,Uncertainty measure
count,49.0,49.0,48.0,40.0,21.0,45.0,32.0
mean,2.7551020408163267,0.0005099591836734673,0.0005029166666666654,0.0021483,0.011238999999999983,0.0008473333333333111,0.0017693802889049597
std,4.45594458862212,0.00034491206362297056,0.00035414979601036044,0.007943794488910907,0.04877860393041196,0.002662285305044219,0.005801813084263122
min,0.0,2.0999999999937735e-05,6.999999999979245e-06,9.000000000036756e-06,8.999999999992347e-05,3.399999999975645e-05,3.570153516703901e-06
25%,0.0,0.0002049999999998997,0.00021875000000001754,0.0001697500000000518,0.0003809999999999647,0.00018200000000045957,0.00036495435185324165
50%,0.0,0.00047599999999992093,0.0004835000000000256,0.0005080000000000084,0.00048399999999992893,0.00040000000000006697,0.0007256185267844814
75%,5.0,0.0008010000000000517,0.0006312499999999721,0.0007662499999999683,0.0008920000000000039,0.0006899999999999684,0.0009338188662247615
max,20.0,0.0012919999999999598,0.0015080000000000648,0.04770099999999999,0.22411999999999999,0.018172999999999773,0.03339397280411571
