,Most probable total value (tCO2e/collaborator),Probability E1>=E2,Probability E2>=E3,Probability E3>=E4,Probability E4>=E5,Probability good order on most important declared scopes,Uncertainty measure
count,147.0,147.0,144.0,119.0,63.0,139.0,99.0
mean,9.863945578231293,0.039897959183673476,0.021982499999999995,0.024066722689075632,0.023777619047619047,0.03759964028776978,0.04596696142850739
std,11.834266160546745,0.038720671250740364,0.027601728067418035,0.028438775066866064,0.0434193438649064,0.04229161986421466,0.05844307589235078
min,0.0,0.00018999999999991246,2.0000000000020002e-05,9.99999999995449e-06,5.999999999994898e-05,0.0,0.0
25%,0.0,0.006645000000000012,0.0016249999999999876,0.0019750000000000045,0.0011000000000000454,0.005899999999999572,0.0034749944182667063
50%,5.0,0.028019999999999934,0.008035000000000014,0.009499999999999953,0.003570000000000073,0.019580000000000042,0.024555378388323224
75%,15.0,0.06786500000000001,0.031512500000000054,0.04142000000000001,0.03578999999999993,0.05269999999999997,0.06550507784572812
max,85.0,0.16488000000000003,0.10674000000000006,0.11032000000000008,0.28132999999999997,0.18466000000000005,0.26937847397675585
