,Most probable total value (tCO2e/collaborator),Probability E1>=E2,Probability E2>=E3,Probability E3>=E4,Probability E4>=E5,Probability good order on most important declared scopes,Uncertainty measure
count,147.0,147.0,144.0,119.0,63.0,140.0,99.0
mean,10.782312925170068,0.04643074829931972,0.02371958333333333,0.024473277310924378,0.02353412698412699,0.041085285714285734,0.05144217363233062
std,14.473649655141005,0.0422550625497117,0.02966016414128741,0.029183486191455155,0.04196275466967685,0.04545511104443221,0.06428103673117472
min,0.0,3.999999999992898e-05,1.999999999990898e-05,9.99999999995449e-06,7.00000000000145e-05,0.0,0.0
25%,0.0,0.010874999999999968,0.0015124999999999444,0.001654999999999962,0.0012400000000000189,0.005625000000000435,0.003088742584641993
50%,5.0,0.03497000000000006,0.008599999999999997,0.009759999999999991,0.0040399999999999325,0.02268500000000029,0.02680999632487993
75%,15.0,0.07686000000000004,0.037912499999999905,0.044655,0.031750000000000056,0.05971249999999986,0.0740545077330417
max,100.0,0.17830000000000001,0.10868,0.12290000000000001,0.2773,0.19294999999999995,0.2975492673067198
