,Most probable total value (tCO2e/collaborator),Probability E1>=E2,Probability E2>=E3,Probability E3>=E4,Probability E4>=E5,Probability good order on most important declared scopes,Uncertainty measure
count,147.0,147.0,144.0,120.0,63.0,139.0,101.0
mean,9.727891156462585,0.03000938775510204,0.034281041666666665,0.014935833333333334,0.008660952380952368,0.05021690647482017,0.06814862460598421
std,12.383461033416873,0.03793185266873821,0.0364841674200456,0.03036443152474171,0.02446150634418756,0.056729559248549305,0.08323693861703269
min,0.0,2.0000000000020002e-05,9.99999999995449e-06,0.0,1.999999999990898e-05,8.881784197001252e-16,0.0
25%,0.0,0.0012850000000000361,0.0036425000000000207,0.0008849999999999969,0.0006150000000000322,0.007000000000000173,0.002334077531966905
50%,5.0,0.00873999999999997,0.01867000000000002,0.0020800000000000263,0.0014600000000000168,0.027240000000000708,0.030879851554043845
75%,12.5,0.05455500000000002,0.05684749999999994,0.005457500000000032,0.00272,0.08013500000000012,0.11037220843672604
max,70.0,0.12788999999999995,0.13667000000000007,0.13375999999999988,0.13864999999999994,0.2469699999999999,0.35290264287327777
